artist_name,stage_name,country,artist_type,title,description,content_preview,url,image,published_at,source_name,source_url,source_country,news_type,relevance_score,relevance_reason,query_used,window_from,window_to
Dauda Kahutu Rarara,Dauda Kahutu Rarara,Nigeria,Music Artist,It’s fake – European-American University disowns musician Rarara’s degree,"The European-American University has disowned a purported honorary doctorate degree conferred on popular Hausa musician, Dauda Kahutu Rarara, describing","The European-American University has disowned a purported honorary doctorate degree conferred on popular Hausa musician, Dauda Kahutu Rarara, describing it as fake. The musician was awarded the degree on Saturday at a ceremony held at Nicon Luxury Hotel, Abuja, attended by dignitaries including the",https://dailypost.ng/2025/09/21/its-fake-european-american-university-disowns-musician-rararas-degree/,https://dailypost.ng/wp-content/uploads/2024/06/Rarara0A3.jpg,2025-09-21T06:28:32+00:00,dailypost.ng,https://dailypost.ng,ng,Update,4,name in title; keyword: hausa; trusted source: dailypost.ng,"""Dauda Kahutu Rarara"" (site:pulse.ng OR site:bellanaija.com OR site:notjustok.com OR site:tooxclusive.com OR site:dailypost.ng)",2025-06-03,2026-06-03
Dauda Kahutu Rarara,Dauda Kahutu Rarara,Nigeria,Music Artist,Nigeriens know Tchiani is nothing but kidnapper - Rarara calls for release of Bazoum,"“When I started this campaign, some thought I was insignificant, but now they see the results,” Rarara said","Dauda Kahutu, widely known as Rarara, a praise singer for Nigeria’s ruling All Progressives Congress (APC), has called out the leader of Niger Republic’s military junta, General Abdourahamane Tchiani, labeling him a “kidnapper” and demanding the immediate release of the ousted President Mohamed Bazo",https://dailypost.ng/2025/01/10/nigeriens-know-tchiani-is-nothing-but-kidnapper-rarara-calls-for-release-of-bazoum/,https://dailypost.ng/wp-content/uploads/2024/06/Rarara0A3.jpg,2025-01-10T18:22:44+00:00,dailypost.ng,https://dailypost.ng,ng,Update,4,name in title; keyword: release; trusted source: dailypost.ng,"""Dauda Kahutu Rarara"" (site:pulse.ng OR site:bellanaija.com OR site:notjustok.com OR site:tooxclusive.com OR site:dailypost.ng)",2025-06-03,2026-06-03
Dauda Kahutu Rarara,Dauda Kahutu Rarara,Nigeria,Music Artist,Singer Rarara’s mum regains freedom 3 weeks after abduction,"Halima Adamu, the mother of famous Hausa singer, Dauda Kahutu, popularly known as Rarara, has been released after nearly three weeks in captivity. Halima","Halima Adamu, the mother of famous Hausa singer, Dauda Kahutu, popularly known as Rarara, has been released after nearly three weeks in captivity. Halima was reportedly kidnapped at her residence in Kahutu village of Danja LGA in Katsina, on June 28, 2024. Updating the public in a post on his Instag",https://dailypost.ng/2024/07/17/singer-rararas-mum-regains-freedom-3-weeks-after-abduction/,https://dailypost.ng/wp-content/uploads/2024/07/Rarara.jpg,2024-07-17T17:09:03+00:00,dailypost.ng,https://dailypost.ng,ng,Artist,4,name in title; keyword: release; trusted source: dailypost.ng,"""Dauda Kahutu Rarara"" (site:pulse.ng OR site:bellanaija.com OR site:notjustok.com OR site:tooxclusive.com OR site:dailypost.ng)",2025-06-03,2026-06-03
Dauda Kahutu Rarara,Dauda Kahutu Rarara,Nigeria,Music Artist,"Singer Rarara&#039;s mum, Halima regains freedom three weeks after abduction","Halima Adamu, the mother of renowned Hausa singer Dauda Kahutu, popularly known as Rarara, has been freed after nearly three weeks in captivity. Recall","Halima Adamu, the mother of renowned Hausa singer Dauda Kahutu, popularly known as Rarara, has been freed after nearly three weeks in captivity. Recall that on June 28, Halima was abducted from her residence in Kahutu village, Danja LGA, Katsina State. Early Wednesday morning, Rarara announced her r",https://dailypost.ng/2024/07/17/singer-rararas-mum-halima-regains-freedom-three-weeks-after-abduction/,https://dailypost.ng/wp-content/uploads/2024/07/Rarara.jpg,2024-07-17T11:45:00+00:00,dailypost.ng,https://dailypost.ng,ng,Artist,4,name in title; keyword: hausa; trusted source: dailypost.ng,"""Dauda Kahutu Rarara"" (site:pulse.ng OR site:bellanaija.com OR site:notjustok.com OR site:tooxclusive.com OR site:dailypost.ng)",2025-06-03,2026-06-03
Dauda Kahutu Rarara,Dauda Kahutu Rarara,Nigeria,Music Artist,"Gunmen abduct popular Hausa singer, Rarara’s 75-year-old mother","The Police Command in Katsina State has confirmed the abduction of a 75-year-old, Hauwa’u Adamu, mother of the renowned Hausa singer, Dauda Kahutu Rarara.","The Police Command in Katsina State has confirmed the abduction of a 75-year-old, Hauwa’u Adamu, mother of the renowned Hausa singer, Dauda Kahutu Rarara. A statement issued by the Command’s spokesperson, ASP Abubakar Aliyu, said the elderly woman was kidnapped at her residence in Kahutu, Danja Loca",https://dailypost.ng/2024/06/28/gunmen-abduct-popular-hausa-singer-rararas-75-year-old-mother/,https://dailypost.ng/wp-content/uploads/2024/06/Rarara0A3.jpg,2024-06-28T16:44:10+00:00,dailypost.ng,https://dailypost.ng,ng,Artist,4,name in title; keyword: hausa; trusted source: dailypost.ng,"""Dauda Kahutu Rarara"" (site:pulse.ng OR site:bellanaija.com OR site:notjustok.com OR site:tooxclusive.com OR site:dailypost.ng)",2025-06-03,2026-06-03
Umar M Sharif,Umar M Sharif,Nigeria,Music Artist,"Kano govt commences fresh legal action against blasphemous singer, Yahaya Sharif","The Kano State Government has said that it will continue to pursue legal action against the alleged blasphemous singer, Yahaya Sharif, whose death","The Kano State Government has said that it will continue to pursue legal action against the alleged blasphemous singer, Yahaya Sharif, whose death sentence by an Upper Sharia Court was quashed due to an error in judgment. The Court of Appeal presided over by Justice Nuradeen Sagir who is the State C",https://dailypost.ng/2021/01/22/kano-govt-commences-fresh-legal-action-against-blasphemous-singer-yahaya-sharif/,https://dailypost.ng/wp-content/uploads/2020/08/Yahaya-Sharif-Aminu.jpg,2021-01-22T09:56:42+00:00,dailypost.ng,https://dailypost.ng,ng,Artist,4,name in title; keyword: singer; trusted source: dailypost.ng,"""Umar M Sharif"" (site:pulse.ng OR site:bellanaija.com OR site:notjustok.com OR site:tooxclusive.com OR site:dailypost.ng)",2025-06-03,2026-06-03
Umar M Sharif,Umar M Sharif,Nigeria,Music Artist,Sharif Yahya Aminu: &#039;I&#039;m ready to sign death warrant against singer for blasphemy&#039; - Ganduje,"Governor Abdullahi Umar Ganduje of Kano State, has said he will sign the death warrant passed on a Kano-based singer, Sharif Yahya Aminu, for blasphemy.","Governor Abdullahi Umar Ganduje of Kano State, has said he will sign the death warrant passed on a Kano-based singer, Sharif Yahya Aminu, for blasphemy. Ganduje said he would okay his execution once his right of appeal elapses. However, Ganduje said that for now, the singer has the right to appeal t",https://dailypost.ng/2020/08/27/sharif-yahya-aminu-im-ready-to-sign-death-warrant-against-singer-for-blasphemy-ganduje/,https://dailypost.ng/wp-content/uploads/2020/08/Ganduje.jpeg,2020-08-27T18:56:39+00:00,dailypost.ng,https://dailypost.ng,ng,Artist,4,name in title; keyword: singer; trusted source: dailypost.ng,"""Umar M Sharif"" (site:pulse.ng OR site:bellanaija.com OR site:notjustok.com OR site:tooxclusive.com OR site:dailypost.ng)",2025-06-03,2026-06-03
Burna Boy,Burna Boy,Nigeria,Music Artist,"Download Burna Boy Latest Songs MP3 (2026), Albums, Biography &amp; Updates","Download Burna Boy songs MP3, stream latest music 2026, explore albums, biography and news. Listen to official releases and trending hits.",No Result View All Result Countries Nigeria South Africa Ghana Tanzania Kenya Zambia Congo United kingdom Stats News Music Culture Videos Artists Advertise Music Promo No Result View All Result No Result View All Result ← Back to All Artists Burna Boy Real Name: Damini Ebunoluwa Ogulu Alias Name: Od,https://tooxclusive.com/artists/burna-boy/,https://hub.tooxclusive.com/wp-content/uploads/2013/08/Burna-Boy-LIFE-Official-Artwork.jpg,,tooxclusive.com,https://tooxclusive.com,ng,Album,4,name in title; keyword: song; trusted source: tooxclusive.com,"""Burna Boy"" (site:pulse.ng OR site:bellanaija.com OR site:notjustok.com OR site:tooxclusive.com OR site:dailypost.ng)",2025-06-03,2026-06-03
Burna Boy,Burna Boy,Nigeria,Music Artist,10 interesting facts about Burna Boy that you may not be aware of,"Burna Boy, originally born Damini Ebunoluwa Ogulu, has become a global phenomenon. He shatters records with seemingly effortless ease, from becoming the first",No Result View All Result Countries Nigeria South Africa Ghana Tanzania Kenya Zambia Congo United kingdom Stats News Music Culture Videos Artists Advertise Music Promo No Result View All Result No Result View All Result Home Content 10 interesting facts about Burna Boy that you may not be aware of b,https://tooxclusive.com/editorial/10-interesting-facts-about-burna-boy-that-you-may-not-be-aware-of/,https://hub.tooxclusive.com/wp-content/uploads/2024/04/Burna-Boy-MSG-1.webp,2024-05-15T22:40:34+01:00,tooxclusive.com,https://tooxclusive.com,ng,Artist,4,name in title; keyword: record; trusted source: tooxclusive.com,"""Burna Boy"" (site:pulse.ng OR site:bellanaija.com OR site:notjustok.com OR site:tooxclusive.com OR site:dailypost.ng)",2025-06-03,2026-06-03
Burna Boy,Burna Boy,Nigeria,Music Artist,Burna Boy - Wonderful Video,Wonderful Video.... Under Spaceship Record and Atlantic Burna Boy releases his second 2020 single title “Wonderful“. This record produced by Telz is a prefect,"No Result View All Result Countries Nigeria South Africa Ghana Tanzania Kenya Zambia Congo United kingdom Stats News Music Culture Videos Artists Advertise Music Promo No Result View All Result No Result View All Result Home A-List Burna Boy &#8211; Wonderful Video by Tomiwa Feb 7, 2025 | 09:04 in A",https://tooxclusive.com/top-artists/burna-boy-wonderful-video/,https://hub.tooxclusive.com/wp-content/uploads/2020/07/Wonderful-video-cover.jpg,,tooxclusive.com,https://tooxclusive.com,ng,Music,4,name in title; keyword: release; trusted source: tooxclusive.com,"""Burna Boy"" (site:pulse.ng OR site:bellanaija.com OR site:notjustok.com OR site:tooxclusive.com OR site:dailypost.ng)",2025-06-03,2026-06-03
Burna Boy,Burna Boy,Nigeria,Music Artist,Burna Boy - Bebo (Prod. by Rexxie),Off Burna Boy 5th studio Album &#039;Twice As Tall&#039; is this Rexxie produced track - Bebo... ENJOY!!!,"No Result View All Result Countries Nigeria South Africa Ghana Tanzania Kenya Zambia Congo United kingdom Stats News Music Culture Videos Artists Advertise Music Promo No Result View All Result No Result View All Result Home A-List Burna Boy &#8211; Bebo (Prod. by Rexxie) by Tomiwa Jun 2, 2026 | 08:",https://tooxclusive.com/top-artists/burna-boy-bebo-prod-by-rexxie/,https://hub.tooxclusive.com/wp-content/uploads/2020/08/Bebo-cover.jpg,2026-02-03T05:00:07+01:00,tooxclusive.com,https://tooxclusive.com,ng,Album,4,name in title; keyword: studio; trusted source: tooxclusive.com,"""Burna Boy"" (site:pulse.ng OR site:bellanaija.com OR site:notjustok.com OR site:tooxclusive.com OR site:dailypost.ng)",2025-06-03,2026-06-03
Burna Boy,Burna Boy,Nigeria,Music Artist,"Burna Boy Defined Afro-Fusion in Love, Damini Album With Open Sincerity and Finesse",Yes-it`s straight out of Nigeria; it`s straight out of Africa; and unknown to many; Africa does have a lot of genres (source: Burna Boy interview on Gillie Da,"No Result View All Result Countries Nigeria South Africa Ghana Tanzania Kenya Zambia Congo United kingdom Stats News Music Culture Videos Artists Advertise Music Promo No Result View All Result No Result View All Result Home Albums Burna Boy Defined Afro-Fusion in Love, Damini Album With Open Sincer",https://tooxclusive.com/artist-album-reviews/burna-boy-defined-afro-fusion-in-love-damini-album-with-open-sincerity-and-finesse/,https://hub.tooxclusive.com/wp-content/uploads/2022/07/Love-Damini-tracklist.jpeg,2023-02-28T15:35:38+01:00,tooxclusive.com,https://tooxclusive.com,ng,Album,4,name in title; keyword: album; trusted source: tooxclusive.com,"""Burna Boy"" (site:pulse.ng OR site:bellanaija.com OR site:notjustok.com OR site:tooxclusive.com OR site:dailypost.ng)",2025-06-03,2026-06-03
Wizkid,Wizkid,Nigeria,Music Artist,"Wizkid Biography, Morayo Album &amp; Complete Discography | Download MP3 Songs","Explore Wizkid’s full biography, complete discography, top songs, awards, and latest releases. Stream and download Wizkid MP3 songs, albums, and new music updates here.","No Result View All Result Countries Nigeria South Africa Ghana Tanzania Kenya Zambia Congo United kingdom Stats News Music Culture Videos Artists Advertise Music Promo No Result View All Result No Result View All Result ← Back To Artists Wizkid Real Name: Ayodeji Ibrahim Balogun Alias Name: Starboy,",https://tooxclusive.com/wizkid/,,2024-06-13T11:41:06+01:00,tooxclusive.com,https://tooxclusive.com,ng,Album,4,name in title; keyword: song; trusted source: tooxclusive.com,"""Wizkid"" (site:pulse.ng OR site:bellanaija.com OR site:notjustok.com OR site:tooxclusive.com OR site:dailypost.ng)",2025-06-03,2026-06-03
Wizkid,Wizkid,Nigeria,Music Artist,"Wizkid Joins Star-Studded Lineup on Vybz Kartel’s Upcoming Album, GOD &amp; TIME","Wizkid is set to make an appearance on GOD &amp; TIME, the new album from Dancehall legend Vybz Kartel, scheduled for release this Friday.","No Result View All Result Countries Nigeria South Africa Ghana Tanzania Kenya Zambia Congo United kingdom Stats News Music Culture Videos Artists Advertise Music Promo No Result View All Result No Result View All Result Home News Wizkid Joins Star-Studded Lineup on Vybz Kartel’s Upcoming Album, GOD",https://tooxclusive.com/news/wizkid-vybz-kartel-album-god-time/,https://hub.tooxclusive.com/wp-content/uploads/2026/06/Vybz-Kartel-Wizkid.jpg,2026-06-01T16:08:31+01:00,tooxclusive.com,https://tooxclusive.com,ng,Album,4,name in title; keyword: release; trusted source: tooxclusive.com,"""Wizkid"" (site:pulse.ng OR site:bellanaija.com OR site:notjustok.com OR site:tooxclusive.com OR site:dailypost.ng)",2025-06-03,2026-06-03
Wizkid,Wizkid,Nigeria,Music Artist,Long Live Lagos: Wizkid Takes Centre Stage in New HBO Documentary,Wizkid,Header Navigation Open Flyout Menu Home Close Flyout Menu News Entertainment Lifestyle Sports Careers Close Flyout Menu Usuario Home News Entertainment Lifestyle Sports Careers Careers / Entertainment / Long Live Lagos: Wizkid Takes Centre Stage in New HBO Documentary Advertisement Advertisement Lon,https://www.pulse.ng/articles/entertainment/wizkid-long-live-lagos-hbo-documentary-2025112509283931399,https://sportal365images.com/process/smp-images-production/pulse.ng/25112025/8316ff67-8f6b-48bd-b988-419c5bfe6795.png?operations=autocrop(1200:630),2025-11-25T09:33:57Z,pulse.ng,https://www.pulse.ng,ng,Event,2,name in title; trusted source: pulse.ng; stub description,"""Wizkid"" (site:pulse.ng OR site:bellanaija.com OR site:notjustok.com OR site:tooxclusive.com OR site:dailypost.ng)",2025-06-03,2026-06-03
Wizkid,Wizkid,Nigeria,Music Artist,Wizkid Makes African History After Crossing 100 Million Shazams,"Wizkid becomes the first African artist to cross 100 million Shazams, marking another major global milestone for Afrobeats.",Header Navigation Open Flyout Menu Home Close Flyout Menu News Entertainment Lifestyle Sports Careers Close Flyout Menu Usuario Home News Entertainment Lifestyle Sports Careers Careers / Entertainment / Music / Wizkid Makes African History After Crossing 100 Million Shazams Advertisement Advertiseme,https://www.pulse.ng/articles/entertainment/music/wizkid-makes-african-history-after-crossing-100-million-shazams-2025110713023473654,https://sportal365images.com/process/smp-images-production/pulse.ng/16072025/76bcb6a4-06be-4be6-9d5f-c85d3f7c0aa7.jpg?operations=autocrop(1200:630),2025-11-07T13:02:34Z,pulse.ng,https://www.pulse.ng,ng,Music,4,name in title; keyword: artist; trusted source: pulse.ng,"""Wizkid"" (site:pulse.ng OR site:bellanaija.com OR site:notjustok.com OR site:tooxclusive.com OR site:dailypost.ng)",2025-06-03,2026-06-03
Wizkid,Wizkid,Nigeria,Music Artist,The Evolution of Wizkid: From Superstar to Starboy,"As a teenager, Wizkid, known as &quot;Lil Prinz,&quot; began making waves in Nigerian music, marking the start of The Evolution of Wizkid.",No Result View All Result Countries Nigeria South Africa Ghana Tanzania Kenya Zambia Congo United kingdom Stats News Music Culture Videos Artists Advertise Music Promo No Result View All Result No Result View All Result Home Editorial The Evolution of Wizkid: From Superstar to Starboy by Tyler Dunca,https://tooxclusive.com/editorial/the-evolution-of-wizkid-from-superstar-to-starboy/,https://hub.tooxclusive.com/wp-content/uploads/2024/09/Wizkid-level-up-1.jpg,2025-06-12T09:14:10+01:00,tooxclusive.com,https://tooxclusive.com,ng,Update,4,name in title; keyword: star; trusted source: tooxclusive.com,"""Wizkid"" (site:pulse.ng OR site:bellanaija.com OR site:notjustok.com OR site:tooxclusive.com OR site:dailypost.ng)",2025-06-03,2026-06-03
Davido,Davido,Nigeria,Music Artist,Davido announces break from music,"Nigerian singer, David Adeleke, popularly known as Davido, has announced an indefinite break from music. During a recent livestream with Davrel, the OBO","Nigerian singer, David Adeleke, popularly known as Davido, has announced an indefinite break from music. During a recent livestream with Davrel, the OBO crooner told his fans not to expect new music from him anytime soon, stressing that he is on sabbatical. Davido said he doesn’t need to release new",https://dailypost.ng/2026/05/07/davido-announces-break-from-music/,https://dailypost.ng/wp-content/uploads/2026/03/Davido.jpg,2026-05-07T06:39:39+00:00,dailypost.ng,https://dailypost.ng,ng,Event,4,name in title; keyword: singer; trusted source: dailypost.ng,"""Davido"" (site:pulse.ng OR site:bellanaija.com OR site:notjustok.com OR site:tooxclusive.com OR site:dailypost.ng)",2025-06-03,2026-06-03
Davido,Davido,Nigeria,Music Artist,"Davido Biography, 5ive Album &amp; Complete Discography | Download MP3 Songs","Explore Davido’s full biography, 5ive (2025), Timeless, A Better Time and complete discography. Stream and download Davido MP3 songs, albums, latest releases, and official music updates here.","No Result View All Result Countries Nigeria South Africa Ghana Tanzania Kenya Zambia Congo United kingdom Stats News Music Culture Videos Artists Advertise Music Promo No Result View All Result No Result View All Result ← Back to All Artists Davido Real Name: David Adedeji Adeleke Alias Name: OBO, 0",https://tooxclusive.com/artists/davido/,https://hub.tooxclusive.com/wp-content/uploads/2026/02/ab67616d0000b2735e6bd6bdba2fa4cc4c714683.jpeg,2024-06-13T12:27:14+01:00,tooxclusive.com,https://tooxclusive.com,ng,Album,4,name in title; keyword: song; trusted source: tooxclusive.com,"""Davido"" (site:pulse.ng OR site:bellanaija.com OR site:notjustok.com OR site:tooxclusive.com OR site:dailypost.ng)",2025-06-03,2026-06-03
Davido,Davido,Nigeria,Music Artist,15 hit songs that document Davido,Davido celebrates 15 years in music with 15 hit songs that define his journey from breakout star to global Afrobeats icon,Header Navigation Open Flyout Menu Home Close Flyout Menu News Entertainment Lifestyle Sports Careers Close Flyout Menu Usuario Home News Entertainment Lifestyle Sports Careers Careers / Entertainment / 15 hit songs that document Davido&#039;s 15 years of dominance in Afrobeats Advertisement Adverti,https://www.pulse.ng/story/davido-15-years-15-hit-songs-afrobeats-2026050710542659057,https://sportal365images.com/process/smp-images-production/pulse.ng/13112025/80953781-47f0-4a3d-a323-94355afb14f0.png?operations=autocrop(1200:630),2026-05-07T10:54:26Z,pulse.ng,https://www.pulse.ng,ng,Music,4,name in title; keyword: song; trusted source: pulse.ng,"""Davido"" (site:pulse.ng OR site:bellanaija.com OR site:notjustok.com OR site:tooxclusive.com OR site:dailypost.ng)",2025-06-03,2026-06-03
Davido,Davido,Nigeria,Music Artist,Davido announces busy 2026 with lineup of activities,"Nigerian Afrobeats superstar Davido has revealed an ambitious lineup of projects and performances for 2026, including his highly anticipated debut at the Coachella Valley Music and Arts Festival, the release of new music, and the continued success of his hit track Kante in the United States.","SongsNewsLyricsSportsRankingAFCON '25 HomeSongsVideosLyricsAdvertiseNewsSportsGospelNJO TV Copyright © 2022, Notjustok Inc By Elizabeth Clifford December 3, 2025 SHARE Davido announces busy 2026 with lineup of activities SHARE Nigerian Afrobeats superstar Davido has revealed an ambitious lineup of p",https://notjustok.com/news/davido-announces-busy-2026-with-lineup-of-activities/,https://notjustok.com/wp-content/uploads/2025/04/Davido-edited-1-1440x720.jpg,2025-12-03T12:10:43+00:00,notjustok.com,https://notjustok.com,ng,Music,4,name in title; keyword: release; trusted source: notjustok.com,"""Davido"" (site:pulse.ng OR site:bellanaija.com OR site:notjustok.com OR site:tooxclusive.com OR site:dailypost.ng)",2025-06-03,2026-06-03
Davido,Davido,Nigeria,Music Artist,Davido &#038; Omah Lay are Serving Romance and Rhythm in the “With You” Video,"Watch Davido and Omah Lay’s new music video for “With You,","Watch Davido and Omah Lay’s new music video for “With You,&#8221; a romantic visual ode with an unforgettable cameo by highlife legend Bright Chimezie. We’re sure you’ve heard it everywhere. Davido and Omah Lay’s voices pouring out of speakers, taking over the moment as Omah Lay gently sings, “Baby",https://www.bellanaija.com/2025/06/davido-omah-lay-with-you-video/,https://www.bellanaija.com/wp-content/uploads/2025/06/Screenshot-2025-06-16-at-18.05.06-1000x600.png,2025-06-16T17:32:25+01:00,bellanaija.com,https://www.bellanaija.com,ng,Music,3,name in title; keyword: video; trusted source: bellanaija.com; stub description,"""Davido"" (site:pulse.ng OR site:bellanaija.com OR site:notjustok.com OR site:tooxclusive.com OR site:dailypost.ng)",2025-06-03,2026-06-03
Tiwa Savage,Tiwa Savage,Nigeria,Music Artist,VIDEO PREMIERE: Tiwa Savage - Rewind,"The visuals to Rewind, one of the standout tracks from the critically RED album by Tiwa Savage.","No Result View All Result Countries Nigeria South Africa Ghana Tanzania Kenya Zambia Congo United kingdom Stats News Music Culture Videos Artists Advertise Music Promo No Result View All Result No Result View All Result Home Songs VIDEO PREMIERE: Tiwa Savage &#8211; Rewind by Tyler Duncan Jun 1, 202",https://tooxclusive.com/download-mp3/video-premiere-tiwa-savage-rewind/,https://hub.tooxclusive.com/wp-content/uploads/2016/10/vlcsnap-2016-10-27-17h02m18s482.jpg,,tooxclusive.com,https://tooxclusive.com,ng,Album,4,name in title; keyword: video; trusted source: tooxclusive.com,"""Tiwa Savage"" (site:pulse.ng OR site:bellanaija.com OR site:notjustok.com OR site:tooxclusive.com OR site:dailypost.ng)",2025-06-03,2026-06-03
Tiwa Savage,Tiwa Savage,Nigeria,Music Artist,Album Tiwa Savage - Celia,"Nigerian-born singer, songwriter and fashion icon TIWA SAVAGE widely regarded as the ”˜Queen of Afrobeats` releases her third studio album CELIA. The album is","No Result View All Result Countries Nigeria South Africa Ghana Tanzania Kenya Zambia Congo United kingdom Stats News Music Culture Videos Artists Advertise Music Promo No Result View All Result No Result View All Result Home A-List Album Tiwa Savage &#8211; Celia by Tomiwa Jun 2, 2026 | 23:22 in A-L",https://tooxclusive.com/top-artists/album-tiwa-savage-celia/,https://hub.tooxclusive.com/wp-content/uploads/2020/08/Celia-album-art.jpeg,2026-01-26T06:19:09+01:00,tooxclusive.com,https://tooxclusive.com,ng,Album,4,name in title; keyword: song; trusted source: tooxclusive.com,"""Tiwa Savage"" (site:pulse.ng OR site:bellanaija.com OR site:notjustok.com OR site:tooxclusive.com OR site:dailypost.ng)",2025-06-03,2026-06-03
Tiwa Savage,Tiwa Savage,Nigeria,Music Artist,8 Reasons Why Tiwa Savage Is And Will Remain Queen,"For sometime now, there has been a lot of unwarranted debate about who truly is the queen of music in the Nigerian music industry? Several names cropped up",No Result View All Result Countries Nigeria South Africa Ghana Tanzania Kenya Zambia Congo United kingdom Stats News Music Culture Videos Artists Advertise Music Promo No Result View All Result No Result View All Result Home Editorial 8 Reasons Why Tiwa Savage Is And Will Remain Queen by Temitope De,https://tooxclusive.com/editorial/8-reasons-why-tiwa-savage-is-and-will-remain-queen/,https://hub.tooxclusive.com/wp-content/uploads/2016/04/Tiwa-Savage-1.jpg,2023-02-01T07:59:46+01:00,tooxclusive.com,https://tooxclusive.com,ng,Update,4,name in title; keyword: music; trusted source: tooxclusive.com,"""Tiwa Savage"" (site:pulse.ng OR site:bellanaija.com OR site:notjustok.com OR site:tooxclusive.com OR site:dailypost.ng)",2025-06-03,2026-06-03
Tiwa Savage,Tiwa Savage,Nigeria,Music Artist,"Tiwa Savage — Stats, Charts &amp; Streams | TooXclusive",Tiwa Savage is an artist from Nigeria with over 0.8 billion Spotify streams and 2.8 million monthly listeners. Tiwa Savage is currently ranked #5602 globally on Spotify — gaining 37K listeners yesterday.,CompareAskChartsSpotify UKSpotify GlobalSpotify NigeriaTooXclusive Top 100UK AfrobeatsBillboard Hot 100TooXclusive +37.4KView on TooxclusiveTiwa Savage is an artist from Nigeria with over 0.8 billion Spotify streams and 2.8 million monthly listeners. Tiwa Savage is currently ranked #5602 globally on,https://tooxclusive.com/stats/artists/tiwa-savage,https://i.scdn.co/image/ab6761610000e5ebf50933ec70ba9ca9648fcadf,,tooxclusive.com,https://tooxclusive.com,ng,Artist,4,name in title; keyword: chart; trusted source: tooxclusive.com,"""Tiwa Savage"" (site:pulse.ng OR site:bellanaija.com OR site:notjustok.com OR site:tooxclusive.com OR site:dailypost.ng)",2025-06-03,2026-06-03
Tiwa Savage,Tiwa Savage,Nigeria,Music Artist,Tiwa Savage - Colors Of Love,"Here&#039;s a new single from Mavin Records&#039; First Lady, Tiwa Savage. This one is titled Colors of Love and it&#039;s a slow tempo song you&#039;ll want to play over and","No Result View All Result Countries Nigeria South Africa Ghana Tanzania Kenya Zambia Congo United kingdom Stats News Music Culture Videos Artists Advertise Music Promo No Result View All Result No Result View All Result Home Songs Tiwa Savage &#8211; Colors Of Love by @Tobi_tx Jun 3, 2026 | 09:19 in",https://tooxclusive.com/download-mp3/tiwa-savage-colors-of-love/,https://hub.tooxclusive.com/wp-content/uploads/2014/10/tiwa-600x336.jpg,2026-01-27T07:06:00+01:00,tooxclusive.com,https://tooxclusive.com,ng,Music,4,name in title; keyword: song; trusted source: tooxclusive.com,"""Tiwa Savage"" (site:pulse.ng OR site:bellanaija.com OR site:notjustok.com OR site:tooxclusive.com OR site:dailypost.ng)",2025-06-03,2026-06-03
Genevieve Nnaji,Genevieve Nnaji,Nigeria,Actress,"Genevieve Nnaji Latest Songs, Albums &amp; News 2025",Latest music and entertainment news from Genevieve Nnaji. All You need to know about the afrobeats artist Genevieve Nnaji in 2024,"No Result View All Result Countries Nigeria South Africa Ghana Tanzania Kenya Zambia Congo United kingdom Stats News Music Culture Videos Artists Advertise Music Promo No Result View All Result No Result View All Result Home Tag Genevieve Nnaji Tag: Genevieve Nnaji News Rapper, Lynxx &#038; Nollywoo",https://tooxclusive.com/tag/genevieve-nnaji/,,,tooxclusive.com,https://tooxclusive.com,ng,Album,4,name in title; keyword: song; trusted source: tooxclusive.com,"""Genevieve Nnaji"" (site:pulse.ng OR site:bellanaija.com OR site:notjustok.com OR site:tooxclusive.com OR site:dailypost.ng)",2025-06-03,2026-06-03
Genevieve Nnaji,Genevieve Nnaji,Nigeria,Actress,How Genevieve Nnaji Pranked Me On Set Of Lionheart’ - Jemima Osunde Shares,"This was in a new interview with Ebuka Obi-Uchendu on Rubbin` Minds. The movie Lionheart was Genevieve`s first Nollywood original feature film, premiered on",No Result View All Result Countries Nigeria South Africa Ghana Tanzania Kenya Zambia Congo United kingdom Stats News Music Culture Videos Artists Advertise Music Promo No Result View All Result No Result View All Result Home News How Genevieve Nnaji Pranked Me On Set Of Lionheart’ &#8211; Jemima Osu,https://tooxclusive.com/news/how-genevieve-nnaji-pranked-me-on-set-of-lionheart-jemima-osunde-shares/,https://hub.tooxclusive.com/wp-content/uploads/2022/01/Genevieve-Nnaji-Jemima-Osunde.jpg,2022-01-12T09:33:34+01:00,tooxclusive.com,https://tooxclusive.com,ng,Movie,4,name in title; keyword: nollywood; trusted source: tooxclusive.com,"""Genevieve Nnaji"" (site:pulse.ng OR site:bellanaija.com OR site:notjustok.com OR site:tooxclusive.com OR site:dailypost.ng)",2025-06-03,2026-06-03
Genevieve Nnaji,Genevieve Nnaji,Nigeria,Actress,Nollywood&#039;s Genevieve Nnaji Shows Off Her Shaku Shaku Skill With Olamide&#039;s Science Student,"Shaku Shaku is the new viral dance in the industry, and the dance move is constantly seen everywhere on the internet space. The latest victim to the virus is Nolllywood&#039;s finest, Genevieve Nnaji.",No Result View All Result Countries Nigeria South Africa Ghana Tanzania Kenya Zambia Congo United kingdom Stats News Music Culture Videos Artists Advertise Music Promo No Result View All Result No Result View All Result Home News Nollywood&#8217;s Genevieve Nnaji Shows Off Her Shaku Shaku Skill With,https://tooxclusive.com/news/nollywoods-genevieve-nnaji-shows-off-her-shaku-shaku-skill-with-olamides-science-student/,https://hub.tooxclusive.com/wp-content/uploads/2018/04/vllkyt7tfb1h3favl.r412x309.198fbabc.jpg,2018-04-13T11:47:35+01:00,tooxclusive.com,https://tooxclusive.com,ng,Movie,4,name in title; keyword: show; trusted source: tooxclusive.com,"""Genevieve Nnaji"" (site:pulse.ng OR site:bellanaija.com OR site:notjustok.com OR site:tooxclusive.com OR site:dailypost.ng)",2025-06-03,2026-06-03
Genevieve Nnaji,Genevieve Nnaji,Nigeria,Actress,Soft - Genevieve | Listen &amp; Download MP3&raquo; tooXclusive,https://tooxclusive.com/wp-content/uploads/2020/01/Soft-Genevieve.mp3,"No Result View All Result Countries Nigeria South Africa Ghana Tanzania Kenya Zambia Congo United kingdom Stats News Music Culture Videos Artists Advertise Music Promo No Result View All Result No Result View All Result Home Songs Soft &#8211; Genevieve by Tomiwa Jun 2, 2026 | 11:37 in Songs, Trendi",https://tooxclusive.com/download-mp3/soft-genevieve/,https://hub.tooxclusive.com/wp-content/uploads/2020/01/Soft-Gene-art.jpg,2026-01-31T23:00:03+01:00,tooxclusive.com,https://tooxclusive.com,ng,Update,3,name in title; trusted source: tooxclusive.com,"""Genevieve Nnaji"" (site:pulse.ng OR site:bellanaija.com OR site:notjustok.com OR site:tooxclusive.com OR site:dailypost.ng)",2025-06-03,2026-06-03
Genevieve Nnaji,Genevieve Nnaji,Nigeria,Actress,"VIDEO: D&#039;Banj Talks Genevieve, Half Of A Yellow Sun Sountrack &amp; More On Factory78",Factory78 caught with Afropop star and Nigerian super star D&#039;Banj on his recent UK promo trip for his latest single &#039;&#039;Bother You&#039;&#039;.,"No Result View All Result Countries Nigeria South Africa Ghana Tanzania Kenya Zambia Congo United kingdom Stats News Music Culture Videos Artists Advertise Music Promo No Result View All Result No Result View All Result Home VIDEOS VIDEO: D&#8217;Banj Talks Genevieve, Half Of A Yellow Sun Sountrack",https://tooxclusive.com/videos/video-dbanj-talks-genevieve-half-of-a-yellow-sun-sountrack-more-on-factory78/,https://hub.tooxclusive.com/wp-content/uploads/2014/03/download-tooxclusive.jpg,2023-01-28T11:58:38+01:00,tooxclusive.com,https://tooxclusive.com,ng,Music,4,name in title; keyword: video; trusted source: tooxclusive.com,"""Genevieve Nnaji"" (site:pulse.ng OR site:bellanaija.com OR site:notjustok.com OR site:tooxclusive.com OR site:dailypost.ng)",2025-06-03,2026-06-03
